filename;nik;nama;tempat_lahir;tanggal_lahir;jenis_kelamin;alamat;keterangan
budi.jpg;1271071507890001;BUDI SANTOSO;MEDAN;15-07-1989;LAKI-LAKI;JL. MERDEKA NO. 10;contoh
siti.jpg;1207124508900002;SITI NURHALIZA;LUBUK PAKAM;05-08-1990;PEREMPUAN;JL. SADAR NO. 4;contoh
joko.jpg;1277071206800003;JOKO PRASETYO;PADANG SIDEMPUAN;12-06-1980;LAKI-LAKI;JL. HOS NOTO NO. 3;contoh
dewi.jpg;1207092101920004;DEWI LESTARI;PERBAUNGAN;21-01-1992;PEREMPUAN;JL. MELATI NO. 7;contoh
andi.jpg;1271020505880005;ANDI SETIAWAN;KISARAN;05-05-1988;LAKI-LAKI;JL. DIPONEGORO NO. 12;contoh
rina.jpg;1214036709930006;RINA WIDYA;MANDAILING NATAL;27-09-1993;PEREMPUAN;JL. PADANG NO. 2;contoh
agus.jpg;1277071407950007;AGUS SAPUTRA;BALIGE;14-07-1995;LAKI-LAKI;JL. IMAM BONJOL NO. 8;contoh
maya.jpg;1271144707890008;MAYA KURNIA;PEMATANGSIANTAR;07-07-1989;PEREMPUAN;JL. SISINGAMANGARAJA NO. 5;contoh
rizki.jpg;1207101311960009;RIZKI RAMADHAN;RAMPAH;13-11-1996;LAKI-LAKI;JL. PERTAHANAN NO. 1;contoh
